"DESCRIPTION","DURATION IN MS","NAME","PARENT SUITE","START TIME","STATUS","STOP TIME","SUB SUITE","SUITE","TEST CLASS","TEST METHOD"
"","17129","Should Login successfully 4","chromium","2026-09-16","passed","2026-09-16","","login.test.js","",""
"","20127","Should Login successfully 3","firefox","2026-09-16","failed","2026-09-16","","login.test.js","",""
"","19042","Should Login successfully 1","chromium","2026-09-16","failed","2026-09-16","","login.test.js","",""
"","15612","Should Login successfully 5","firefox","2026-09-16","failed","2026-09-16","","login.test.js","",""
"","15606","Should Login successfully 3","chromium","2026-09-16","failed","2026-09-16","","login.test.js","",""
"","28439","Should Login successfully 4","firefox","2026-09-16","passed","2026-09-16","","login.test.js","",""
"","8548","Demo Web Shop url should open successfully","chromium","2026-09-16","failed","2026-09-16","","register.test.js","",""
"","20186","Demo Web Shop url should open successfully","firefox","2026-09-16","failed","2026-09-16","","register.test.js","",""
"","20153","Should Login successfully 2","firefox","2026-09-16","failed","2026-09-16","","login.test.js","",""
"","19104","Should Login successfully 1","firefox","2026-09-16","failed","2026-09-16","","login.test.js","",""
"","18968","Should Login successfully 5","chromium","2026-09-16","failed","2026-09-16","","login.test.js","",""
"","29474","Should Login successfully 2","chromium","2026-09-16","failed","2026-09-16","","login.test.js","",""
